Pokemon	Moves	Move_Levels
Turtwig	[Tackle, Withdraw, Absorb, Razor Leaf, Curse, Bite, Mega Drain, Leech Seed, Synthesis, Crunch, Giga Drain, Leaf Storm]	[1, 5, 9, 13, 17, 21, 25, 29, 33, 37, 41, 45]
Grotle	[Tackle, Withdraw, Absorb, Razor Leaf, Curse, Bite, Mega Drain, Leech Seed, Synthesis, Crunch, Giga Drain, Leaf Storm]	[1, 1, 5, 9, 13, 17, 22, 27, 32, 37, 42, 47, 52]
Torterra	[Tackle, Withdraw, Absorb, Razor Leaf, Curse, Bite, Mega Drain, Leech Seed, Synthesis, Crunch, Giga Drain, Leaf Storm]	[1, 1, 1, 1, 1, 5, 9, 13, 17, 22, 27, 32, 33, 39, 45, 51, 57]
Chimchar	[Leer, Scratch, Ember, Taunt, Fury Swipes, Flame Wheel, Nasty Plot, Torment, Facade, Fire Spin, Slack Off, Flamethrower]	[1, 1, 7, 9, 15, 17, 23, 25, 31, 33, 39, 41]
Monferno	[Ember, Leer, Scratch, Ember, Taunt, Mach Punch, Fury Swipes, Flame Wheel, Feint, Torment, Close Combat, Fire Spin, Slack Off, Flare Blitz]	[1, 1, 1, 7, 9, 14, 16, 19, 26, 29, 36, 39, 46, 49]
Infernape	[Ember, Leer, Scratch, Taunt, Ember, Taunt, Mach Punch, Fury Swipes, Flame Wheel, Feint, Punishment, Close Combat, Fire Spin, Calm Mind, Flare blitz]	[1, 1, 1, 1, 7, 9, 14, 17, 21, 29, 33, 41, 45, 53, 57]
Piplup	[Pound, Growl, Bubble, Water Sport, Peck, Bide, Bubble Beam, Fury Attack, Brine, Whirlpool, Mist, Drill Peck, Hydro Pump]	[1, 4, 8, 11, 15, 18, 22, 25, 29, 32, 36, 39, 43]
Prinplup	[Growl, Tackle, Growl, Bubble, Water Sport, Peck, Metal Claw, Bide, Bubble Beam, Fury Attack, Brine, Whirlpool, Mist, Drill Peck, Hydro Pump]	[1, 1, 4, 8, 11, 15, 16, 19, 24, 28, 33, 37, 42, 46, 51]
Empoleon	[Bubble, Growl, Tackle, Growl, Bubble, Swords Dance, Peck, Metal Claw, Swagger, Bubble Beam, Fury Attack, Brine, Aqua Jet, Whirlpool, Mist, Drill Peck, Hydro Pump]	[1, 1, 1, 4, 8, 11, 15, 16, 19, 24, 28, 33, 36, 39, 46, 52, 59]
Starly	[Growl, Tackle, Quick Attack, Wing Attack, Double Team, Endeavor, Whirlwind, Ariel Ace, Take Down, Agility, Brave Bird]	[1, 1, 5, 9, 13, 17, 21, 25, 29, 33, 37]
Staravia	[Growl, Quick Attack, Tackle, Quick Attack, Wing Attack, Double Team, Endeavor, Whirlwind, Ariel Ace, Take Down, Agility, Brave Bird]	[1, 1, 1, 5, 9, 13, 18, 23, 28, 33, 38, 43]
Staraptor	[Growl, Quick Attack, Tackle, Wing Attack, Quick Attack, Wing Attack, Double Team, Endeavour, Whirlwind, Ariel Ace, Take Down, Close Combat, Agility, Brave Bird]	[1, 1, 1, 1, 5, 9, 13, 18, 23, 28, 33, 34, 41, 49]
Bidoof	[Tackle, Growl, Defense Curl, Rollout, Headbutt, Hyper Fang, Yawn, Amnesia, Take Down, Super Fang, Superpower]	[1, 5, 9, 13, 17, 21, 25, 29, 33, 37, 41]
Bibarel	[Growl, Tackle, Growl, Defense Curl, Rollout, Water Gun, HeadButt, Hyper Fang, Yawn, Amnesia, Take Down, Super Fang, Superpower]	[1, 1, 5, 9, 13, 15, 18, 23, 28, 33, 38, 43, 48]
Kricketot	[Bide, Growl]	[1, 1]
Kricketune	[Bide, Growl, Fury Cutter, Leech Life, Sing, Focus Energy, X-Scissor, Screech, Bug Buzz, Perish Song]	[1, 1, 10, 14, 18, 22, 26, 30, 34, 38]
Shinx	[Tackle, Leer, Charge, Bite, Spark, Roar, Swagger, Crunch, Thunder Fang, Scary Face, Discharge]	[1, 5, 9, 13, 17, 21, 25, 29, 33, 37, 41]
Luxio	[Leer, Tackle, Leer, Charge, Bite, Spark, Roar, Swagger, Crunch, Thunder Fang, Scary Face, Discharge]	[1, 1, 5, 9, 13, 18, 23, 28, 33, 38, 43, 48]
Luxray	[Charge, Leer, Tackle, Leer, Charge, Bite, Spark, Roar, Swagger, Crunch, Thunder Fang, Scary Face, Discharge]	[1, 1, 1, 5, 9, 13, 18, 23, 28, 35, 42, 49, 56]
Abra	[Teleport]	[1]
Kadabra	[Confusion, Kinesis, Teleport, Confusion, Disable, Miracle Eye, Psybeam, Reflect, Recover, Psycho Cut, Role Play, Psychic, Future Sight, Trick]	[1, 1, 1, 16, 18, 22, 24, 28, 30, 34, 36, 40, 41, 46]
Alakazam	[Confusion, Kinesis, Teleport, Confusion, Disable, Miracle Eye, Psybeam, Reflect, Recover, Psycho Cut, Calm Mind, Psychic, Future Sight, Trick]	[1, 1, 1, 16, 18, 22, 24, 28, 30, 34, 36, 40, 42, 46]
Magikarp	[Splash, Tackle, Flail]	[1, 15, 30]
Gyarados	[Thrash, Bite, Dragon Rage, Leer, Twister, Ice Fang, Aqua Tail, Rain Dance, Hydro Pump, Dragon Dance, Hyper Beam]	[1, 20, 23, 26, 29, 32, 35, 38, 41, 44, 47]
Budew	Absorb, Growth, Water Sport, Stun Spore, Mega Drain, Worry Seed]	[1, 4, 7, 10, 13, 16]
Roselia	[Absorb, Growth, Poison Sting, Stun, Spore, Mega Drain, Leech Seed, Magical Leaf, GrassWhistle, Giga Drain, toxic Spikes, Sweet Scent, Ingrain, Toxic, Petal Dance, Aromatherapy, Synthesis]	[1, 4, 7, 10, 13, 16, 19, 22, 25, 28, 31, 34, 37, 40, 43, 46]
Roserade	[Magic Leaf, Mega Drain, Poison Sting, Sweet Scent, Weather Ball]	[1, 1, 1, 1, 1]
Zubat	[Leech Life, Supersonic, Astonish, Bite, Wing Attack, Confuse Ray, Air Cutter, Mean Look, Poison Fang, Haze, Air Slash]	[1, 5, 9, 13, 17, 21, 25, 29, 33, 37, 41]
Golbat	[Astonish, Leech Life, Screech, Supersonic, Supersonic, Astonish, Bite, Wing Attack, Confuse Ray, Air Cutter, Mean Look, Poison Fang, Haze, Air Slash]	[1, 1, 1, 5, 9, 13, 17, 21, 27, 33, 39, 45, 51]
Crobat	[Astonish, Cross Poison, Leech Life, Screech, Supersonic, Supersonic, Astonish, Bite, Wing Attack, Confuse Ray, Air Cutter, Mean Look, Poison Fang, Haze, Air Slash]	[1, 1, 1, 1, 1, 5, 9, 13, 17, 21, 27, 33, 39, 45, 51]
Geodude	[Defense Curl, Tackle, Mud Sport, Rock Polish, Rock Throw, Magnitude, Selfdestruct, Rollout, Rock Blast, Earthquake, Explosion, Double-Edge, Stone Edge]	[1, 1, 4, 8, 11, 15, 18, 22, 25, 29, 32, 36, 39]
Graveler	[Defense Curl, Mud Sport, Rock Polish, Tackle, Mud Sport, Rock Polish, Rock Throw, Magnitude, Selfdestruct, Rollout, Rock Blast, Earthquake, Explosion, Double-Edge, Stone Edge]	[1, 1, 1, 1, 4, 8, 11, 15, 18, 22, 27, 33, 38, 44, 49]
Golem	[Defense Curl, Mud Sport, Rock Polish, Tackle, Mud Sport, Rock Polish, Rock Throw, Magnitude, Selfdestruct, Rollout, Rock Blast, Earthquake, Explosion, Double-Edge, Stone Edge]	[1, 1, 1, 1, 4, 8, 11, 15, 18, 22, 27, 33, 38, 44, 49]
Onix	[Bind, Harden, Mud Sport, Tackle, Screech, Rock Throw, Rage, Rock Tomb, Sandstorm, Slam, Rock Polish, DragonBreath, Iron Tail, Sand Tomb, Double-Edge, Stone Edge]	[1, 1, 1, 1, 6, 9, 14, 17, 22, 25, 30, 33, 38, 41, 46, 49]
Steelix	[Bind, Fire Fang, Harden, Ice Fang, Mud Sport, Tackle, Thunder Fang, Screech, Rock Throw, Rage, Rock Tomb, Sandstorm, Slam, Rock Polish, DragonBreath, Iron Tail, Crunch, Double-Edge, Stone Edge]	[1, 1, 1, 1, 1, 1, 1, 6, 9, 14, 17, 22, 25, 30, 33, 38, 41, 46, 49]
Cranidos	[Headbutt, Leer, Focus Energy, Pursuit, Take Down, Scary Face, Assurance, AncientPower, Zen Headbutt, Screech, Head Smash]	[1, 1, 6, 10, 15, 19, 24, 28, 33, 37, 43]
Rampardos	[Headbutt, Leer, Focus Energy, Pursuit, Take Down, Scary Face, Assurance, AncientPower, Endeavor, Zen Headbutt, Screech, Head Smash]	[1, 1, 6, 10, 15, 19, 24, 28, 30, 36, 43, 52]
Shieldon	[Protect, Tackle, Taunt, Metal Sound, Take Down, Iron Defense, Swagger, AncientPower, Endure, Metal Burst, Iron Head]	[1, 1, 6, 10, 15, 19, 24, 28, 33, 37, 43]
Bastiodon	[Block, Metal Sound, Protect, Tackle, Taunt, Taunt, Metal Sound, Take Down, Iron Defense, Swagger, Ancient Power, Endure, Metal Burst, iron Head, Heavy Slam]	[1, 1, 1, 1, 1, 6, 10, 15, 19, 24, 28, 36, 43, 51, 58]
Machop	[Leer, Low Kick, Focus Energy, Foresight, Seismic Toss, Revenge, Vital Throw, Submission, Wake-Up Slap, Cross Chop, Scary Face, DynamicPunch]	[1, 1, 7, 10, 13, 19, 22, 25, 31, 34, 37, 43, 46]
Machoke	[Focus Energy, Leer, Low Kick, Focus Energy, Karate Chop, Foresight, Seismic Toss, Revenge, Vital Throw, Submission, Wake-Up Slap, Cross Chop, Scary Face, DynamicPunch]	[1, 1, 1, 7, 10, 13, 19, 22, 25, 32, 36, 40, 44, 51]
Machamp	[Focus Energy, Leer, Low Kick, Focus Energy, Karate Chop, Foresight, Seismic Toss, Revenge, Vital Throw, Submission, Wake-Up Slap, Cross Chop, Scary Face, DynamicPunch]	[1, 1, 1, 7, 10, 13, 19, 22, 25, 32, 36, 40, 44, 51]
Psyduck	[Scratch, Water Sport, Tail Whip, Water Gun, Disable, Confusion, Water Pulse, Fury Swipes, Screech, Psych Up, Zen Headbutt, Amnesia, Hydro Pump]	[1, 1, 5, 9, 14, 18, 22, 27, 31, 35, 40, 44, 48]
Golduck	[Scratch, Tail Whip, Water Gun, Water Sport, Tail Whip, Water Gun, Disable, Confusion, Water Pulse, Fury Swipes, Screech, Psych Up, Zen Headbutt, Amnesia, Hydro Pump]	[1, 1, 1, 1, 5, 9, 14, 18, 22, 27, 31, 37, 44, 50, 56]
Burmy	[Protect, Tackle, Hidden Power]	[1, 10, 20]
Wormadam	[Tackle, Protect, Hidden Power, Confusion, Razor Leaf, Growth, Psybeam, Captivate, Flail, Attract, Psychic, Leaf Storm]	[1, 10, 20, 23, 26, 29, 32, 35, 38, 41, 44, 47]
Mothim	[Tackle, Protect, Hidden Power, Confusion, Gust, PoisonPowder, Psybeam, Camouflage, Silver Wind, Air Slash, Psychic, Bug Buzz]	[1, 10, 20, 23, 26, 29, 32, 35, 38, 41, 44, 47]
Wurmple	[String Shot, Tackle, Poison Sting]	{1, 1, 5]
Silcoon	[Harden, Harden]	[1, 7]
Beautifly	[Absorb, Absorb, Gust, Stun Spore, Morning Sun, Mega Drain, Whirlwind, Attract, Silver Wind, Giga Drain, Bug Buzz]	[1, 10, 13, 17, 20, 24, 27, 31, 34, 38, 41]
Cascoon	[Harden, Harden]	[1, 7]
Dustox	[Confusion, Confusion, Gust, Protect, Moonlight, Psybeam, Whirlwind, Light Screen, Silver Wind, Toxic, Bug Buzz]	[1, 10, 13, 17, 20, 24, 27, 31, 34, 38, 41]
Combee	[Gust, Sweet Scent]	[1, 1]
Vespiqueen	[Gust, Sweet Scent, Poison Sting, Confuse Ray, Fury Cutter, Defend Order, Pursuit, Fury Swipes, Power Gem, Heal Order, Toxic, Slash, Captivate, Attack Order, Swagger, Destiny Bond]	[1, 1, 3, 7, 9, 13, 15, 19, 21, 25, 27, 31, 33, 37, 39, 43]
Pachirisu	[Bide, Growl, Quick Attack, Charm, Spark, Endure, Swift, Sweet Kiss, Discharge, Super Fang, Last Resort]	[1, 1, 5, 9, 13, 17, 21, 25, 29, 33, 37]
Buizel	[Growl, SonicBoom, Water Sport, Quick Attack, Water Gun, Pursuit, Swift, Aqua Jet, Agility, Whirlpool, Razor Wind]	[1, 1, 1, 3, 6, 10, 15, 21, 28, 36, 45]
Floatzel	[Growl, Ice Fang, Quick Attack, SonicBoom, Water Sport, Quick Attack, Water Gun, Pursuit, Swift, Aqua Jet, Crunch, Agility, Whirlpool, Razor Wind]	[1, 1, 1, 1, 1, 1, 3, 6, 10, 15, 21, 26, 29, 39, 50]
Cherubi	[Tackle, Growth, Leech Seed, Helping Hand, Magical Lead, Sunny Day, Worry Seed, Take Down, SolarBeam, Lucky Chant]	[1, 7, 10, 13, 19, 22, 28, 31, 37, 40]
Cherrim	[Growth, Tackle, Growth, Leech Seed, Helping Hand, Magical Leaf, Sunny Day, Petal Dance, Worry Seed, Take Down, SolarBeam, Lucky Chant]	[1, 1, 7, 10, 13, 19, 22, 25, 30, 35, 43, 48]
Shellos	[Mud-Slap, Mud Sport, Harden, Water Pulse, Mud Bomb, Hidden Power, Rain Dance, Body Slam, Muddy Water, Recover]	[1, 2, 4, 7, 11, 16, 22, 29, 37, 46]
Gastrodon	[Harden, Mud-Slap, Mud Sport, Water Pulse, Mud Sport, Harden, Water Pulse, Mud Bomb, Hidden Power, Rain Dance, Body Slam, Muddy Water, Recover]	[1, 1, 1, 1, 2, 4, 7, 11, 16, 22, 29, 41, 54]
Heracross	[Endure, Horn Attack, Leer, Night Slash, Tackle, Fury Attack, Ariel Ace, Brick Break, Counter, Take Down, Close Combat, Reversal, Feint, Megahorn]	[1, 1, 1, 1, 1, 7, 13, 19, 25, 31, 37, 43, 49, 55]
Aipom	[Scratch, Tail Whip, Sand-Attack, Astonish, Baton Pass, Tickle, Fury Swipes, Swift, Screech, Agility, Double Hit, Fling, Nasty Plot, Last Resort]	[1, 1, 4, 8, 11, 15, 18, 22, 25, 29, 32, 36, 39, 43]
Ambipom	[Astonish, Sand-Attack, Scratch, Tail Whip, Sand-Attack, Astonish, Baton Pass, Tickle, Fury Swipes, Swift, Screech, Agility, Double Hit, Fling, Nasty Plot, Last Resort]	[1 , 1, 1, 1, 4, 8, 11, 15, 18, 22, 25, 29, 32, 36, 39, 43]
Drifloon	[Constrict, Minimize, Astonish, Gust, Focus Energy, Payback, Stockpile, Spit Up, Swallow, Ominous Wind, Baton Pass, Shadow Ball, Explosion]	[1, 1, 6, 11, 14, 17, 22, 27, 27, 30, 33, 38, 43]
Drifblim	[Astonish, Constrict, Gust, Minimize, Astonish, Gust, Focus Energy, Payback, Stockpile, Spit Up, Swallow, Ominous Wind, Baton Pass, Shadow Ball, Explosion]	[1, 1, 1, 1, 6, 11, 14, 17, 22, 27, 27, 32, 37, 44, 51]
Buneary	[Defense Curl, Foresight, Pound, Splash, Endure, Frustration, Quick Attack, Jump Kick, Baton Pass, Agility, Dizzy Punch, Charm, Bounce, Healing Wish]	[1, 1, 1, 1, 6, 13, 16, 23, 26, 33, 36, 43, 46, 53]
Lopunny	[Defense Curl, Foresight, Magic Coat, Magic Coat, Pound, Splash, Endure, Return, Quick Attack, Jump Kick, Baton Pass, Agility, Dizzy Punch, Charm, Bounce, Healing Wish]	[1, 1, 1, 1, 1, 1, 6, 13, 16, 23, 26, 33, 36, 43, 46, 53]
Gastly	[Hypnosis, Lick, Spite, Mean Look, Curse, Night Shade, Confuse Ray, Sucker Punch, Payback, Shadow Ball, Dream Eater, Dark Pulse, Destiny Bond, Nightmare]	[1, 1, 5, 8, 12, 15, 19, 22, 26, 29, 33, 36, 40, 43]
Haunter	[Hypnosis, Lick, Spite, Spite, Mean Look, Curse, Night Shade, Confuse Ray, Sucker Punch, Sucker Punch, Payback, Shadow Ball, Dream Eater, Dark Pulse, Destiny Bond, Nightmare]	[1, 1, 1, 5, 8, 12, 15, 19, 22, 25, 28, 33, 39, 44, 50]
Gengar	[Hypnosis, Lick, Spite, Spite, Mean Look, Curse, Night Shade, Confuse Ray, Sucker Punch, Sucker Punch, Shadow Punch, Payback, Shadow Ball, Dream Eater, Dark Pulse, Destiny Bond, Nightmare]	[1, 1, 1, 5, 8, 12, 15, 19, 22, 25, 28, 33, 39, 44, 50, 55]
Misdreavus	[Growl, Psywave, Spite, Astonish, Confuse Ray, Mean Look, Psybeam, Pain Split, Payback, Shadow Ball, Perish Song, Grudge]	[1, 1, 5, 10, 14, 19, 23, 28, 32, 37, 41, 46]
Mismagius	[Astonish, Growl, Lucky Chant, Magical Leaf, Psywave, Spite]	[1, 1, 1, 1, 1, 1]
Murkrow	[Astonish, Peck, Pursuit, Haze, Wing Attack, Night Shade, Assurance, Taunt, Faint Attack, Mean Look, Sucker Punch]	[1, 1, 5, 11, 15, 21, 25, 31, 35, 41, 45]
Honchkrow	[Astonish, Haze, Pursue, Wing Attack, Swagger, nasty Plot, Night Slash, Dark Pulse]	[1, 1, 1, 1, 25, 35, 45, 55]
Glameow	[Fake Out, Scratch, Growl, Hypnosis, Faint Attack, Fury Swipes, Charm, Assist, Captivate, Slash, Sucker Punch, Attract]	[1, 5, 8, 13, 17, 20, 25, 29, 32, 37, 41, 45]
Purugly	[Fake Out, Growl, Scratch, Scratch, Growl, Hypnosis, Faint Attack, Fury Swipes, Charm, Assist, Captivate, Slash, Swagger, Body Slam, Attract]	[1, 1, 1, 5, 8, 13, 17, 20, 25, 29, 32, 37, 38, 45, 53]
Goldeen	[Peck, Tail Whip, Water Sport, Supersonic, Horn Attack, Water Pulse, Flail, Aqua Ring, Fury Attack, Waterfall, Horn Drill, Agility, Megahorn]	[1, 1, 1, 7, 11, 17, 21, 27, 31, 37, 41, 47, 51]
Seaking	[Peck, Supersonic, Tail Whip, Water Pulse, Horn Attack, Agility, Aqua Ring, Flail, Waterfall, Soak, Megahorn, Horn Drill]	[1, 1, 1, 1, 15, 20, 25, 30, 37, 44, 51, 58]
Barboach	[Mud-Slap, Mud Sport, Water Sport, Water Gun, Mud Bomb, Amnesia, Water Pulse, Magnitude, Rest, Snore, Aqua Tail, Earthquake, Future Sight, Fissure]	[1, 6, 6, 10, 14, 18, 22, 26, 31, 31, 35, 39, 43, 47]
Whiscash	[Mud-Slap, Mud Sport, Tickle, Water Sport, Zen Headbutt, Mud Sport, Water Sport, Water Gun, Mud Bomb, Amnesia, Water Pulse, Magnitude, Rest, Snore, Aqua Tail, Earthquake, Future Sight, Fissure]	[1, 1, 1, 1, 1, 6, 6, 10, 14, 18, 22, 26, 33, 33, 39, 45, 51, 57]
Chingling	[Warp, Growl, Astonish, Confusion, Uproar, Last Resort]	[1, 6, 9, 14, 17, 22]
Chimecho	[Warp, Growl, Astonish, Confusion, Uproar, Take Down, Yawn, Psywave, Double-Edge, Heal Bell, Safeguard, Extrasensory, Healing Wish]	[1, 6, 9, 14, 17, 22, 25, 30, 33, 38, 41, 46, 49]
Stunky	[Focus Energy, Scratch, Poison Gas, Screech, Fury Swipes, SmokeScreen, Toxic, Slash, Night Slash, Memento, Explosion]	[1, 1, 4, 7, 11, 15, 20, 25, 31, 37, 44]
Skuntank	[Focus Energy, Poison Gas, Scratch, Poison Gas, Screech, Fury Swipes, SmokeScreen, Toxic, Slash, Night Slash, Flamethrower, Memento, Explosion]	[1, 1, 1, 4, 7, 11, 15, 20, 25, 31, 34, 41, 52]
Meditite	[Bide, Meditate, Confusion, Detect, Hidden Power, Mind Reader, Feint, Calm Mind, Force Palm, High Jump Kick, Psych Up, Power Trick, Reversal, Recover]	[1, 4, 8, 11, 15, 18, 22, 25, 29, 32, 36, 39, 43, 46]
Medicham	[Bide, Confusion, Detect, Fire Punch, Ice Punch, Meditate, ThunderPunch, Meditate, Confusion, Detect, Hidden Power, Mind Reader, Feint, Calm Mind, Force Palm, High Jump Kick, Psych Up, Power Trick, Reversal, Recover]	[1, 1, 1, 1, 1, 1, 1, 4, 8, 11, 15, 18, 22, 25, 29, 32, 36, 42, 49, 55]
Bronzor	[Confusion, Tackle, Hypnosis, Imprison, Confuse Ray, Extrasensory, Iron Defense, Safeguard, Gyro Ball, Future Sight, Faint Attack, Payback, Heal Block]	[1, 1, 7, 12, 14, 19, 26, 30, 35, 37, 41, 49, 52]
Bronzong	[Confusion, Hypnosis, Imprison, Rain Dance, Sunny Day, Tackle, Hypnosis, Imprison, Confuse Ray, Extrasensory, Iron Defense, Safeguard, Block, Gyro Ball, Future Sight, Feint Attack, Payback, Heal Block]	[1, 1, 1, 1, 1, 1, 7, 12, 14, 19, 26, 30, 33, 38, 43, 50, 61, 67]
Ponyta	[Tackle, Growl, Tail Whip, Ember, Stomp, Fire Spin, Take Down, Agility, Fire Blast, Bounce, Flare Blitz]	[1, 7, 10, 16, 19, 25, 28, 34, 38, 44, 48]
Rapidash	[Ember, Growl, Megahorn, Poison Jab, Quick Attack, Tail Whip, Growl , Tail Whip, Growl, Tail Whip, Ember, Stomp, Fire Spin, Take Down, Agility, Fire Blast, Fury Attack, Bounce, Flare Blitz]	[1, 1, 1, 1, 1, 1, 7, 10, 16, 19, 25, 28, 34, 38, 40, 49, 58]
Bonsly	[Copycat, Fake Tears, Flail, Low Kick, Rock Throw, Mimic, Block, Feint Attack, Rock Tomb, Rock Slide, Slam, Sucker Punch, Double-Edge]	[1, 1, 6, 9, 14, 17, 22, 25, 30, 33, 38, 41, 46]
Sudowoodo	[Copycat, Flail, Low Kick, Rock Throw, Wood Hammer, Flail, Low Kick, Rock Throw, Mimic, Block, Faint Attack, Rock Tomb, Rock Slide, Slam, Sucker Punch, Double-Edge, Hammer Arm]	[1, 1, 1, 1, 1, 6, 9, 14, 17, 22, 25, 30, 33, 38, 41, 46, 49]
Mime Jr.	[Barrier, Confusion, Tickle, Copycat, Meditate, Encore, DoubleSlap, Mimic, Light Screen, Reflect, Psybeam, Substitute, Recycle, Trick, Psychic, Role Play, Baton Pass, Safeguard]	[1, 1, 1, 4, 8, 11, 15, 18, 22, 22, 25, 29, 32, 36, 39, 43, 46, 50]
Mr. Mime	[Barrier, Confusion, Guard Swap, Magical Leaf, Power Swap, Copycat, Meditate, Encore, Double Slap, Mimic, Light Screen, Reflect, Psybeam, Substitute, Recycle, Trick, Psychic, Role Play, Baton Pass, Safeguard]	[1, 1, 1, 1, 1, 4, 8, 11, 15, 18, 22, 22, 25, 29, 32, 36, 39, 43, 46, 50]
Happiny	[Charm, Pound, Copycat, Refresh, Sweet Kiss]	[1, 1, 5, 9, 12]
Chansey	[Growl, Pound, Tail Whip, Refresh, Softboiled, DoubleSlap, Minimize, Sing, Fling, Defense Curl, Light Screen, Egg Bomb, Healing Wish, Double-Edge]	[1, 1, 5, 9, 12, 16, 20, 23, 27, 31, 34, 38, 42, 46]
Blissey	[Growl, Pound, Tail Whip, Refresh, Softboiled, DoubleSlap, Minimize, Sing, Fling, Defense Curl, Light Screen, Egg Bomb, Healing Wish, Double-Edge]	[1, 1, 5, 9, 12, 16, 20, 23, 27, 31, 34, 38, 42, 46]
Cleffa	[Charm, Pound, Encore, Sing, Sweet Kiss, Copycat, Magical Leaf]	[1, 1, 4, 7, 10, 13, 16]
Clefairy	[Growl, Pound, Encore, Sing, Double Slap, Defense Curl, Follow Me, Minimize, Wake-Up Slap, Cosmic, Power, Lucky Chant, Metronome, Gravity, Moonlight, Light Screen, Meteor Mash, Healing Wish]	[1, 1, 4, 7, 10, 13, 16, 19, 22, 25, 28, 31, 34, 37, 40, 43, 46]
Clefable	[DoubleSlap, Metronome, Minimize, Sing]	[1,1,1,1]
Chatot	[Peck, growl, Mirror Move, Sing, Fury Attack, Chatter, taunt, Mimic, Roost, Uproar, FeatherDance, Hyper Voice]	[1, 5, 9, 13, 17, 21, 25, 29, 33, 37, 41, 45]
Pichu	[Charm, ThunderShock, Tail Whip, Thunder Wave, Sweet Kiss, Nasty Plot]	[1, 1, 5, 10, 13, 18]
Pikachu	[Charm, Growl, Nasty Plot, Nuzzle, Play Nice, Quick Attack, Sweet Kiss, Tail Whip, Thunder Shock, Thinder Wave, Double Team, Electro Ball, feint, Spark, Agility, Slam, Discharge, Thunderbolt, Light Screen, Thunder]	[1, 1, 1, 1, 1, 1, 1, 1, 1, 4, 8, 12, 16, 20, 24, 28, 32, 36, 40, 44]
Raichu	[Quick Attack, Tail Whip, ThunderShock, Thunderbolt]	[1, 1, 1, 1]
Hoothoot	[Growl, Tackle, Foresight, Hypnosis, Peck, Reflect, Confusion, Take Down, Air Slash, Zen Headbutt, Extrasensory, Psycho Shift, Roost, Dream Eater]	[1, 1, 5, 9, 13, 17, 21, 25, 29, 33, 37, 41, 45, 49]
Noctowl	[Foresight, Growl, Hypnosis, Sky Attack, Tackle, Foresight, Hypnosis, Peck, Reflect, Confusion, Take Down, Air Slash, Zen Headbutt, Extrasensory, Psycho Shift, Roost, Dream Eater]	[1, 1, 1, 1, 1, 5, 9, 13, 17, 22, 27, 32, 37, 42, 47, 52, 57]
Spiritomb	[Confuse ray, Curse, Pursuit, Shadow Sneak, Spite, Faint Attack, Hypnosis, Dream Eater, Ominous Wind, Sucker Punch, Nasty Plot, Memento, Dark Pulse]	[1, 1, 1, 1, 1, 7, 13, 19, 25, 31, 37, 43, 49]
Gible	[tackle, Sand-Attack, Dragon Rage, Sandstorm, Take Down, Sand Tomb, Slash, Dragon Claw, Dig, Dragon Rush]	[1, 3, 7, 13, 15, 19, 25, 27, 31, 37]
Gabite	[Sand-Attack, Tackle, Sand-Attack, Dragon Rage, Sandstorm, Take Down, Sand Tomb, Slash, Dragon Claw, Dig, Dragon Rush]	[1, 1, 3, 7, 13, 15, 19, 28, 33, 40, 49]
Garchomp	[Dragin Rage, Fire Fang, Sand-Attack, Sandstorm, Tackle, Sand-Attack, Dragon Rage, Sandstorm, Take Down, Sand Tomb, Slash, Dragon Claw, Dig, Crunch, Dragon Rush]	[1, 1, 1, 1, 1, 3, 7, 13, 15, 19, 28, 33, 40, 48, 55]
Munchlax	[Metronome, Odor Sleuth, Tackle, Defense Curl, Amnesia, Lick, Recycle, Screech, Stockpile, Swallow, Body Slam, Fling, Rollout, Natural Gift, Last Resort]	[1, 1, 1, 4, 9, 12, 17, 20, 25, 28, 33, 36, 41, 44, 49]
Snorlax	[tackle, Defense Curl, Amnesia, Lick, Belly Drug, Yawn, Rest, Sleep Talk, Snore, Body Slam, Block, Rollout, Crunch, Giga Impact]	[1, 4, 9, 12, 17, 20, 25, 28, 28, 33, 36, 41, 44, 49]
Unknown	[Hidden Power]	[1]
Riolu	[Endure, Foresight, Quick Attack, Counter, Force Palm, Feint, Reversal, Screech, Copycat]	[1, 1, 1, 6, 11, 15, 19, 24, 29]
Lucario	[Dark Pulse, detect, foresight, Metal Claw, Quick Attack, Counter, Force Palm, Feint, Bone Rush, Metal Sound, Me First, Swords Dance, Aura Sphere, Close Combat, Dragon Pulse, ExtremeSpeed]	[1, 1, 1, 1, 1, 6, 11, 15, 19, 24, 29, 33, 37, 42, 47, 51]
Wooper	[Tail Whip, Water Gun, Mud Sport, Mud Shot, Slam, Mud Bomb, Amnesia, Yawn, Earthquake, Rain Dance, Haze, Mist, Muddy Water]	[1, 1, 5, 9, 15, 19, 23, 29, 33, 37, 43, 43, 47]
Quagsire	[Mud Sport, tail Whip, Water Gun, Mud Sport, Mud Shot, Slam, Mud Bomb, Amnesia, Yawn, Earthquake, Rain Dance, Haze, Mist, Muddy Water]	[1, 1, 1, 5, 9, 15, 19, 24, 31, 36, 41, 48, 48, 53]
Wingull	[Growl, Water gun, Supersonic, Wing Attack, Mist, Water Pulse, Quick Attack, Roost, Pursuit, Agility, Aerial Ace, Air Slash]	[1, 1, 6, 11, 16, 19, 24, 29, 34, 37, 42, 47]
Pelipper	[Growl, Water Gun, Water Sport, Wing Attack, Supersonic, Wing Attack, Mist, Water Pulse, Payback, Protect, Roost, Spit Up, Stockpile, Swallow, Fling, Tailwind, Hydro Pump]	[1, 1, 1, 1, 6, 11, 16, 19, 24, 25, 31, 38, 38, 38, 43, 50, 57]
Girafarig	[Astonish, Confusion, Growl, Guard Swap, Power Swap, Tackle, Odor Sleuth, Stomp, Agility, Psybeam, Baton Pass, Assurance, Double Hit, Psychic, Zen Headbutt, Crunch]	[1, 1, 1, 1, 1, 1, 5, 10, 14, 19, 23, 28, 32, 37, 41, 46]
Hippopotas	[Sand-Attack, tackle, Bite, Yawn, take Down, Sand Tomb, Crunch, Earthquake, Double-Edge, Fissure]	[1, 1, 7, 13, 19, 25, 31, 37, 44, 50]
Hippowdon	[Bite, Fire Fang, Ice Fang, Sand-Attack, Tackle, Thunder Fang, Yawn, Bite, Yawn, Take Down, Sand Tomb, Crunch, Earthquake, Double-Edge, Fissure]	[1, 1, 1, 1, 1, 1, 1, 7, 13, 19, 25, 31, 40, 50, 60]
Azurill	[Splash, Charm, Tail Whip, Bubble, Slam, Water Gun]	[1, 2, 7, 10, 15, 18]
Marill	[Tackle, Defense Curl, Tail Whip, Water Gun, Rollout, BubbleBeam, Aqua Ring, Double-Edge, Rain Dance, Aqua Tail, Hydro Pump]	[1, 2, 7, 10, 15, 18, 23, 27, 32, 37, 42]
Azumarill	[Defense Curl, Tackle, Tail Whip, Water Gun, Defense Curl, Tail Whip, Water Gun, Rollout, BubbleBeam, Aqua Ring, Double-Edge, Rain Dance, Aqua Tail, Hydro Pump]	[1, 1, 1, 1, 2, 7, 10, 15, 20, 27, 33, 40, 47, 54]
Skorupi	[Bite, Poison Sting, Leer, Pin Missile, Acupressure, Knock Off, Scary Face, Toxic Spikes, Poison Fang, Crunch, Cross Poisson]	[1, 1, 6, 12, 17, 23, 28, 34, 39, 45, 50]
Drapion	[Bite, Fire Fang, Ice Fang, Leer, Pin Missile, Poison Sting, Thunder Fang, Leer, Pin Missile, Acupressure, Knock Off, Scary Face, Toxic Spikes, Poison Fang, Crunch, Cross Poison]	[1, 1, 1, 1, 1, 1, 1, 6, 12, 17, 23, 28, 34, 39, 49, 58]
Croagunk	[Astonish, Mud-Slap, Poison Sting, Taunt, Pursuit, Feint Attack, Revenge, Swagger, Mud Bomb, Sucker Punch, Nasty Plot, Poison Jab, Sludge Bomb, Flatter]	[1, 3, 8, 10, 15, 17, 22, 24, 29, 31, 36, 38, 43, 45]
Toxicroak	[Astonish, Mud-Slap, Poison Sting, Mud-Slap, Poison Sting, Taunt, Pursuit, Faint Attack, Revenge, Swagger, Mud Bomb, Sucker Punch, Nasty Plot, Poison Jab, Sludge Bomb, Flatter]	[1, 1, 1, 3, 8, 10, 15, 17, 22, 24, 29, 31, 36, 41, 49, 54]
Carnivine	[Bind, Growth, Bite, Vine Whip, Sweet Scent, Ingrain, Fain Attack, Spit Up, Stockpile, Swallow, Crunch, Wring Out, Power Whip]	[1, 1, 7, 11, 17, 21, 27, 31, 31, 31, 37, 41, 47]
Remoraid	[Water Gun, Lock-On, Psybeam, Aurora Beam, BubbleBeam, Focus Energy, Bullet Seed, Water Pulse, Signal Beam, Ice Beam, Hyper Beam]	[1, 6, 10, 14, 19, 23, 27, 32, 36, 40, 45]
Octillery	[Aurora Beam, Constrict, Gunk Shot, Psybeam, Rick Blast, Water Gun, Constrict, Psybeam, Aurora Beam, BubbleBeam, Focus Energy, Octazooka, Bullet Seed, Wring Out, Signal Beam, Ice Beam, Hyper Beam]	[1, 1, 1, 1, 1, 1, 6, 10, 14, 19, 23, 25, 29, 36, 42, 48, 55]
Finneon	[Pound, Water Gun, Attract, Rain Dance, Gust, Water Pulse, Captivate, Safeguard, Aqua Ring, Whirlpool, U-turn, Bounce, Silver Wind]	[1, 6, 10, 13, 17, 22, 26, 29, 33, 38, 42, 45, 49]
Lumineon	[Attract, Pound, Water Gun, Water Gun, Attract, Rain Dance, Gust, Water Pulse, Captivate, Safeguard, Aqua Ring,, Whirlpool, U-turn, Bounce, Silver Wind]	[1, 1, 1, 6, 10, 13, 17, 22, 26, 29, 35, 42, 48, 53, 59]
Tentacool	[Poison Sting, Supersonic, Constrict, Acid, Toxic Spikes, BubbleBeam, Wrap, Barrier, Water Pulse, Poison Jab, Screech, Hydro Pump, Wring Out]	[1, 5, 8, 12, 15, 19, 22, 26, 29, 33, 36, 40, 43]
Tentacruel	[Constrict, Poison Sting, Supersonic, Supersonic, Constrict, Acid, Toxic Spikes, BubbleBeam, Wrap, Barrier, Water Pulse, Poison Jab, Screech, Hydro Pump, Wring Out]	[1, 1, 1, 5, 8, 12, 15, 19, 22, 26, 29, 36, 42, 49, 55]
Feebas	[Splash, Tackle, Flail]	[1, 15, 30]
Milotic	[Water Gun, Wrap, Water Sport, Refresh, Water Pulse, Twister, recover, Captivate, Aqua Tail, Rain Dance, Hydro Pump, Attract, Safeguard, Aqua Ring]	[1, 1, 5, 9, 13, 17, 21, 25, 29, 33, 37, 41, 45, 49]
Mantyke	[Bubble, Tackle, Supersonic, BubbleBeam, Headbutt, Agility, Wing Attack, Water Pulse, Take Down, Confuse Ray, Bounce, Aqua Ring, Hydro Pump]	[1, 1, 4, 10, 13, 19, 22, 28, 31, 37, 40, 46, 49]
Mantine	[Bubble, BubbleBeam, Bullet Seed, Psybeam, Signal Beam, Supersonic, Tackle, Supersonic, BubbleBeam, Headbutt, Agility, Wing Attack, Water Pulse, Take Down, Confuse Ray, Bounce, Aqua Ring, Hydro Pump]	[1, 1, 1, 1, 1, 1, 1, 4, 10, 13, 19, 22, 28, 31, 37, 40, 46, 49]
Snover	[Leer, Powder Snow, Razor Leaf, Icy Wind, GrassWhistle, Swagger, Mist, Ice Shard, Ingrain, Wood Hammer, Blizzard, Sheer Cold]	[1, 1, 5, 9, 13, 17, 21, 26, 31, 36, 41, 46]
Abomasnow	[Ice Punch, Icy Wind, Leer, Powder Snow, Razor Leaf, Razor Leaf, Icy Wind, GrassWhistle, Swagger, Mist, Ice Shard, Ingrain, Wood Hammer, Blizzard, Sheer Cold]	[1, 1, 1, 1, 1, 5, 9, 13, 17, 21, 26, 31, 36, 47 ,58]
Sneasel	[Leer, Scratch, Taunt, Quick Attack, Screech, Faint Attack, Fury Swipes, Agility, Icy Wind, Slash, Beat Up, Metal Claw, Ice Shard]	[1, 1, 1, 8, 10, 14, 21, 24, 28, 35, 38, 42, 49]
Weavile	[Assurance, Embargo, Leer, Quick Attack, Revenge, Scratch, Taunt, Quick Attack, Screech, Faint Attack, Fury Swipes, Nasty Ploy, Icy Wind, Night Slash, Fling, Metal Claw, Dark Pulse]	[1, 1, 1, 1, 1, 1, 1, 8, 10, 14, 21, 24, 28, 35, 38, 42, 49]
Uxie	[Rest, Imprison, Endure, Confusion, Yawn, Future Sight, Amnesia, Extrasensory, Flail, Natural Gift, Memento]	[1, 6, 16, 21, 31, 36, 46, 51, 61, 66, 76]
Mesprit	[Rest, Imprison, Protect, Confusion, Lucky Chant, Future Sight, Charm, Extrasensory, Copycat, Natural Gift, Healing Wish]	[1, 6, 16, 21, 31, 36, 46, 51, 61, 66, 76]
Azelf	[Rest, Imprison, Detect, Confusion, Uproar, Future Sight, Nasty Plot, Extrasensory, last Resort, Natural Gift, Explosion]	[1, 6, 16, 21, 31, 36, 46, 51, 61, 66, 76]
Dialga	[DragonBreath, Scary Face, Metal Claw, AncientPower, Dragon Claw, Roar of Time, Heal Block, Earth Power, Slash, Flash Cannon, Aura Sphere]	[1, 1, 10, 20, 30, 40, 50, 60, 70, 80, 90]
Palkia	[DragonBreath, Scary Face, Water Pulse, AncientPower, Dragon Claw, Spacial Rend, Heal Block, Earth Power, Slash, Aqua Tail, Aura Sphere]	[1, 1, 10, 20, 30, 40, 50, 60, 70, 80, 90]
Manaphy	[Bubble, Tail Glow, Water Sport, Charm, Supersonic, BubbleBeam, Acid Armor, Whirlpool, Water Pulse, Aqua Ring, Dive, Rain Dance, Heart Swap]	[1, 1, 1, 9, 16, 24, 31, 39, 46, 54, 61, 69,
